Model,Accuracy,AUC,Precision,Recall,F1,MCC
Logistic Regression,0.9824561403508771,0.9953703703703703,0.9824561403508771,0.9824561403508771,0.9824561403508771,0.9623015873015873
Decision Tree,0.9122807017543859,0.9156746031746031,0.9160721496836722,0.9122807017543859,0.913021189336979,0.8174119974927639
KNN,0.956140350877193,0.9788359788359788,0.9560729421281235,0.956140350877193,0.9560273762928301,0.9054466190452621
Naive Bayes,0.9298245614035088,0.9867724867724867,0.9298245614035088,0.9298245614035088,0.9298245614035088,0.8492063492063492
Random Forest,0.9473684210526315,0.9947089947089948,0.9473684210526315,0.9473684210526315,0.9473684210526315,0.8869047619047619
XGBoost,0.9473684210526315,0.9917328042328042,0.9474395448079658,0.9473684210526315,0.9470870627956459,0.8864143349643965
